Oligo-ID,Gene symbols,Entrez gene IDs,RefSeq IDs,Gene IDs,Transcript IDs
A_23_P3643,ABCA13,ABCA13,NM_152701.3,ENSG00000179869,ENST00000544596; ENST00000411975; ENST00000435803
A_32_P1701,ABCC5,ABCC5,NM_005688.2; NM_001023587.1,ENSG00000114770,ENST00000427120
A_23_P27688,ADM5,ADM5,NM_001101340.1,ENSG00000224420,ENST00000420022
A_23_P70359,AGPAT4,AGPAT4,NM_020133.2,ENSG00000026652,
A_32_P141768,AGPAT4,AGPAT4,NM_020133.2,ENSG00000026652,ENST00000366911; ENST00000320285
A_23_P343411,AGRN,AGRN,NM_198576.3,ENSG00000188157,ENST00000461111; ENST00000379370
A_24_P24819,AGRN,AGRN,NM_198576.3,ENSG00000188157,ENST00000461111; ENST00000379370
A_23_P129896,ALDH3A2,ALDH3A2,NM_001031806.1; NM_000382.2,Hs56.1,ENST00000573505; ENST00000472059; ENST00000579855; ENST00000339618; ENST00000395575; ENST00000581518; ENST00000176643
A_23_P350698,ANKFN1,ANKFN1,NM_153228.2,ENSG00000153930,ENST00000566473; ENST00000318698
A_23_P207620,ANKFY1,ANKFY1,NM_016376.3; NM_001257999.1,ENSG00000185722,ENST00000341657
A_24_P253827,AP2B1,AP2B1,NM_001282.2; NM_001030006.1,ENSG00000270478,ENST00000604623; ENST00000262325
A_23_P143838,ARPP21,ARPP21,NM_001267616.1; NM_001267617.1; NM_016300.4; NM_001267618.1; NM_001025068.1; NM_001025069.1; NM_001267619.1; NM_198399.1,ENSG00000172995,ENST00000337271; ENST00000458225; ENST00000438071; ENST00000436702; ENST00000441454; ENST00000434383; ENST00000396481; ENST00000417925; ENST00000413378; ENST00000432450; ENST00000432682; ENST00000396482; ENST00000412048; ENST00000474696; ENST00000427542; ENST00000419330; ENST00000414496; ENST00000438577; ENST00000452563; ENST00000187397; ENST00000449196; ENST00000444190; ENST00000421492; ENST00000428373; ENST00000450234
A_23_P315602,ARPP21,ARPP21,NM_001267616.1; NM_001267617.1; NM_016300.4; NM_001267618.1; NM_001025068.1; NM_001025069.1; NM_001267619.1; NM_198399.1,ENSG00000172995,ENST00000337271; ENST00000458225; ENST00000476052; ENST00000457165; ENST00000417925; ENST00000187397; ENST00000444190
A_23_P118722,ASGR1,ASGR1,NM_001197216.2; NM_001671.4,ENSG00000141505,ENST00000269299
Hs12056.1,ASGR1,ASGR1,NM_001671.4; NM_001197216.2,ENSG00000141505,
A_23_P357936,ASTN2,ASTN2,NM_198186.3; NM_001184734.1; NM_198187.3; NM_198188.2; NM_014010.4; NM_001184735.1,ENSG00000148219,ENST00000373996; ENST00000313400; ENST00000361209; ENST00000373986; ENST00000341734; ENST00000288520
A_23_P52806,BACE1,BACE1,NM_012104.4; NM_138971.3; NM_138972.3; NM_138973.3; NM_001207049.1; NM_001077239.1; NM_207343.2,ENSG00000186318,ENST00000392937; ENST00000313005; ENST00000530849
Hs8383.2,BAZ2B,BAZ2B,NM_013450; NP_038478,ENSG00000123636,
A_24_P779258,BCCIP,BCCIP,NM_078468.2; NM_078469.2; NM_016567.3,ENSG00000107949,ENST00000429863; ENST00000463330
A_24_P797455,C7orf49; TMEM140,LOC653739; TMEM140,NM_001243749.1; NM_001243753.1; NM_001243751.1; NM_024033.3; NM_018295.3,ENSG00000122783; ENSG00000146859,
A_23_P201156,CADM3,CADM3,NM_021189.3; NM_001127173.1,ENSG00000162706,ENST00000368125; ENST00000368124
A_23_P42882,CAMK2B,CAMK2B,NM_001220.4; NM_172078.2; NM_172081.2; NM_172083.2; NM_172082.2; NM_172084.2; NM_172079.2; NM_172080.2,ENSG00000058404,ENST00000502837; ENST00000457475; ENST00000395747; ENST00000258682; ENST00000346990; ENST00000347193; ENST00000353185; ENST00000489429; ENST00000497584; ENST00000353625; ENST00000466584; ENST00000358707; ENST00000440254; ENST00000425809; ENST00000523845; ENST00000395749; ENST00000350811
Hs4884.1,CAMK2B,CAMK2B,NM_001220; NM_172078; NM_172079; NM_172080; NM_172081; NM_172082; NM_172083; NM_172084; NP_001211; NP_742075; NP_742076; NP_742077; NP_742078; NP_742079; NP_742080; NP_742081,ENSG00000058404,
A_23_P431933,CAMKK1,CAMKK1,NM_172206.1; NM_032294.2; NM_172207.2,ENSG00000004660,ENST00000381771; ENST00000348335; ENST00000381769
A_24_P861099,CASC15,CASC15,,,ENST00000606851
A_23_P213237,CBR4,CBR4,NM_032783.4,ENSG00000145439,ENST00000306193
A_23_P49616,CCDC47,CCDC47,NM_020198.2,ENSG00000108588,ENST00000225726
A_24_P943792,CD47,CD47,NM_198793.2; NM_001777.3,ENSG00000196776,ENST00000355354; ENST00000471694
A_32_P136477,CDRT4; TVP23C-CDRT4; TVP23C,CDRT4; TVP23C-CDRT4; TVP23C,NM_001204477.1; NM_001204478.1; NM_145301.2; NM_001135036.1,ENSG00000239704; ENSG00000259024; ENSG00000175106,
A_23_P1199,CEBPZ,CEBPZ,NM_005760.2,ENSG00000115816; ENSG00000218739,ENST00000489306; ENST00000234170; ENST00000402297
A_32_P90709,CEP85L,CEP85L,NM_001042475.2; NM_206921.2; NM_001178035.1,ENSG00000111860,ENST00000368488; ENST00000368491
A_23_P163306,CGNL1,CGNL1,NM_001252335.1; NM_032866.4,ENSG00000128849,ENST00000281282
A_24_P135319,CGNL1,CGNL1,NM_001252335.1; NM_032866.4,ENSG00000128849,ENST00000281282
A_24_P135841,CGNL1,LOC100652739,,ENSG00000223701,ENST00000446954
A_23_P385263,CHD5,CHD5,NM_015557.2,ENSG00000116254,ENST00000378021; ENST00000262450
A_23_P417363,CLIP4,CLIP4,NM_024692.4,ENSG00000115295,ENST00000456385; ENST00000415891; ENST00000401605
A_32_P73045,CMAS,CMAS,NM_018686.4,ENSG00000111726,ENST00000537658; ENST00000535610; ENST00000229329
A_23_P214208,CNR1,CNR1,NM_033181.3; NM_001160259.1; NM_016083.4; NM_001160226.1; NM_001160258.1,ENSG00000118432,ENST00000537554; ENST00000535130; ENST00000369499; ENST00000369501
A_32_P441462,CNTNAP2,CNTNAP2,NM_014141.5,ENSG00000174469,ENST00000361727
A_24_P823708,COX20,LOC728875; LINC00623,,ENSG00000236943; ENSG00000269501,ENST00000442509; ENST00000444581
A_24_P867111,COX20,LOC283177,,ENSG00000255545,ENST00000528482; ENST00000528482
A_23_P14026,CREBL2,CREBL2,NM_001310.2,ENSG00000111269,ENST00000228865
A_23_P25194,DCTN4,DCTN4,NM_016221.3; NM_001135644.1; NM_001135643.1,ENSG00000132912,ENST00000424236; ENST00000447998
A_23_P386942,DIRAS1,DIRAS1,NM_145173.3,ENSG00000176490,ENST00000323469
A_23_P416289,DIXDC1,DIXDC1,NM_001037954.2; NM_033425.3,ENSG00000150764,ENST00000315253; ENST00000440460; ENST00000530411; ENST00000389821; ENST00000572808; ENST00000577090
A_23_P36458,DOCK4,DOCK4,NM_014705.3,ENSG00000128512,ENST00000494651; ENST00000445943; ENST00000437633; ENST00000486186; ENST00000428084; ENST00000423057
A_23_P303718,DST,DST,NM_001144769.2; NM_001144770.1; NM_015548.4; NM_183380.3; NM_001723.5,ENSG00000151914,ENST00000312431; ENST00000446842; ENST00000421834; ENST00000370769; ENST00000370754; ENST00000482156; ENST00000466429; ENST00000518464; ENST00000523292; ENST00000370788; ENST00000244364
A_23_P171077,EBP,EBP,NM_006579.2,ENSG00000268394; ENSG00000147155,ENST00000600384; ENST00000598515; ENST00000276096; ENST00000495186
A_32_P106553,EBP,EBP,NM_006579.2,ENSG00000268394; ENSG00000147155,ENST00000598584; ENST00000597879; ENST00000599607; ENST00000598515; ENST00000414061; ENST00000446158; ENST00000498425; ENST00000495186
A_32_P113812,EBP,EBP,,ENSG00000237605; ENSG00000264375,ENST00000425161; ENST00000579118
A_23_P208779,EPS8L1,EPS8L1,NM_133180.2; NM_017729.3,ENSG00000262430; ENSG00000262878; ENSG00000262225; ENSG00000262467; ENSG00000262835; ENSG00000262287; ENSG00000262092; ENSG00000263295; ENSG00000270836; ENSG00000131037,ENST00000589587; ENST00000588663; ENST00000590590; ENST00000589062; ENST00000572411; ENST00000571375; ENST00000572335; ENST00000591543; ENST00000589320; ENST00000590725; ENST00000585717; ENST00000591525; ENST00000574553; ENST00000575215; ENST00000574658; ENST00000593221;  ENST00000586964; ENST00000589013; ENST00000588669; ENST00000585997; ENST00000571441; ENST00000575966; ENST00000574541; ENST00000588293; ENST00000589423; ENST00000587931; ENST00000585772; ENST00000590405; ENST00000573454; ENST00000576308; ENST00000575092; ENST00000587643; ENST00000591672; ENST00000588309; ENST00000585723; ENST00000592736; ENST00000576005; ENST00000575720; ENST00000577025; ENST00000592856; ENST00000585637; ENST00000590272; ENST00000590904; ENST00000590109; ENST00000571474; ENST00000575138; ENST00000576261; ENST00000589832; ENST00000587553; ENST00000588243; ENST00000590547; ENST00000587897; ENST00000573442; ENST00000571582; ENST00000570966; ENST00000588252; ENST00000591876; ENST00000585586; ENST00000592402; ENST00000592301; ENST00000572780; ENST00000574843; ENST00000572133; ENST00000590429; ENST00000603204; ENST00000605171; ENST00000603092; ENST00000604118; ENST00000603724; ENST00000602995; ENST00000604610; ENST00000604540; ENST00000587715; ENST00000587901; ENST00000589362; ENST00000592102; ENST00000245618; ENST00000540810; ENST00000201647; ENST00000586329
A_23_P211627,EPS8L1,EPS8L1,NM_007172.3; NM_153645.2,ENSG00000219682,ENST00000509438; ENST00000405676; ENST00000425733; ENST00000469163; ENST00000396096; ENST00000407019; ENST00000347635; ENST00000556933
A_23_P96325,ERCC6L,ERCC6L,NM_017669.2,ENSG00000186871,ENST00000334463; ENST00000373657
A_23_P397969,FOXK2,FOXK2,NM_004514.3,ENSG00000141568,ENST00000576131; ENST00000529652; ENST00000335255; ENST00000473637
Hs59368.1,FOXP1,FOXP1, NM_001012505.1; NM_032682.5; NM_001244815.1; NM_001244813.1; NM_001244810.1; NM_001244816.1; NM_001244814.1; NM_001244812.1; NM_001244808.1,,
A_23_P34093,G6PD,G6PD,NM_000402.3; NM_001042351.1,ENSG00000269087,ENST00000595441; ENST00000593787; ENST00000594771; ENST00000369620; ENST00000393564; ENST00000393562
A_23_P118246,GINS2,GINS2,NM_016095.2,ENSG00000131153,ENST00000253462
A_23_P12884,GRK5,GRK5,NM_005308,ENSG00000198873,
A_24_P79712,HNRNPU-AS1; COX20,HNRNPU-AS1; COX20,NM_198076.4,ENSG00000188206,ENST00000366527; ENST00000498262; ENST00000411948
A_32_P156786,HRK,HRK,NM_003806.2,ENSG00000135116,ENST00000257572
A_32_P169847,HRK,HRK,,ENSG00000250303,ENST00000527511
A_32_P170454,HRK,HRK,NM_003806.2,ENSG00000135116,ENST00000257572
A_23_P422911,HS6ST3,HS6ST3,NM_153456,ENSG00000185352,
A_23_P48070,ING4,ING4,NM_001127582.1; NM_001127585.1; NM_001127586.1; NM_016162.3; NM_001127583.1; NM_001127584.1,ENSG00000111653,ENST00000484795; ENST00000486287; ENST00000446105; ENST00000396807; ENST00000341550
A_23_P50674,IZUMO4,IZUMO4,NM_001039846.1; NM_001031735.2,ENSG00000099840,ENST00000395296; ENST00000300960; ENST00000588003; ENST00000591894; ENST00000590985; ENST00000498554; ENST00000395301; ENST00000478879; ENST00000497445; ENST00000395307; ENST00000481489
A_23_P410965,KIAA1522,KIAA1522,NM_020888.2; NM_001198973.1; NM_001198972.1,ENSG00000162522,ENST00000373480; ENST00000373481; ENST00000401073
A_23_P342910,KLHL15,KLHL15,NM_030624.2,ENSG00000174010,ENST00000328046
A_32_P40437,KLRK1,KLRC4-KLRK1; KLRK1,NM_001199805.1; NM_007360.3,ENSG00000245648; ENSG00000255819; ENSG00000213809,
A_32_P44840,KLRK1,KLRC4-KLRK1; LOC101060698; LOC728875; LINC00623; PARP8,XM_001134398.4; XM_003960132.1; NM_001178055.1; NM_001178056.1; NM_024615.3,ENSG00000223804; ENSG00000235398; ENSG00000231360; ENSG00000236943; ENSG00000215863; ENSG00000269501; ENSG00000232151; ENSG00000269614; ENSG00000151883,
A_32_P3127,KPNA4,KPNA4,NM_002268.4,ENSG00000186432,ENST00000334256
A_23_P118774,KPNB1,KPNB1,NM_001276453.1; NM_002265.4,ENSG00000108424,ENST00000537679; ENST00000580158; ENST00000582097; ENST00000540627; ENST00000290158; ENST00000535458
A_32_P184727,KPNB1,KPNB1,NM_002265,,
A_23_P501961,L3MBTL1,L3MBTL1,NM_015478.6; NM_032107.4,ENSG00000185513,ENST00000444063; ENST00000418998; ENST00000494117; ENST00000373133; ENST00000373134; ENST00000373135; ENST00000427442
A_24_P461238,LINC00114,LINC00114,,ENSG00000223806,NO HITS FOUND
A_32_P30874,LINC00623,LINC00623,,ENSG00000260418,
A_32_P40433,LINC00623; KLRK1,LINC00623; KLRK1; KLRC4-KLRK1,NM_001199805.1; NM_007360.3,ENSG00000245648; ENSG00000255819; ENSG00000213809,
A_23_P78342,LMAN1,LMAN1,NM_005570.3; NM_005570.3,ENSG00000074695,ENST00000592562; ENST00000251047
A_23_P58337,LNX1; FIP1L1,LNX1; FIP1L1,NM_032622.2; NM_001126328.2; NM_030917.3; NM_001134937.1; NM_001134938.1,ENSG00000072201,ENST00000306888; ENST00000504094; ENST00000513008; ENST00000514543; ENST00000505125; ENST00000306932; ENST00000358575; ENST00000337488
A_23_P331072,LRRIQ3,LRRIQ3,NM_001105659.1,ENSG00000162620,ENST00000463724; ENST00000370911
A_24_P800978,MARCH1,MARCH1,NM_001166373.1; NM_017923.3,ENSG00000145416,
A_23_P71328,MATN2,LOC100506558,NM_002380.3; NM_030583.2,ENSG00000132561,ENST00000254898; ENST00000519582; ENST00000521952; ENST00000518154; ENST00000520016; ENST00000522025; ENST00000524308; ENST00000521689
A_23_P72187,MED14,MED14,NM_004229.3,ENSG00000180182,ENST00000324817
A_23_P164313,MINK1,MINK1,NM_001024937.3; NM_015716.4; NM_153827.4; NM_170663.4,ENSG00000141503,ENST00000576037; ENST00000574871; ENST00000571207; ENST00000453408; ENST00000574453; ENST00000347992; ENST00000572330; ENST00000355280
A_23_P62731,MRPS14,MRPS14,NM_022100.2,ENSG00000120333,ENST00000367677; ENST00000476371
A_23_P408108,MTERF,MTERF,NM_006980.3,ENSG00000127989,ENST00000351870; ENST00000419292
A_24_P406830,MTMR2,MTMR2,NM_016156.5; NM_201281.2; NM_001243571.1; NM_201278.2,ENSG00000087053,ENST00000393223; ENST00000346299
A_23_P78122,MYO18A; TIAF1,MYO18A; TIAF1,NM_203318.1; NM_078471.3; NM_004740.3,ENSG00000196535,ENST00000354329; ENST00000530254; ENST00000527372; ENST00000531253; ENST00000533112; ENST00000529578; ENST00000408971; ENST00000359450
Hs21213.1,MYO5A,MYO5A,NM_000259.3; NM_001142495.1,ENSG00000197535,
A_23_P1740,NCAM1,NCAM1,NM_001242608.1; NM_000615.6; NM_001076682.3; NM_001242607.1; NM_181351.4,ENSG00000149294; ENSG00000262279,ENST00000316851; ENST00000401611; ENST00000526322; ENST00000530543; ENST00000531044; ENST00000534015; ENST00000524665; ENST00000397957; ENST00000533760; ENST00000527506; ENST00000531915; ENST00000593207; ENST00000591347; ENST00000591454; ENST00000593059; ENST00000590031; ENST00000576604; ENST00000592855; ENST00000586493; ENST00000589067
A_23_P153797,NCAN,NCAN,NM_004386.2,ENSG00000130287,ENST00000590187; ENST00000252575
A_24_P12435,NCOA7,NCOA7,NM_001199619.1; NM_001199620.1; NM_001199622.1; NM_001122842.2; NM_181782.4; NM_001199621.1,ENSG00000111912,ENST00000392477; ENST00000444128; ENST00000438495; ENST00000368357
A_24_P12438,NCOA7,NCOA7,NM_001199619.1; NM_001199620.1; NM_001199622.1; NM_001122842.2; NM_181782.4; NM_001199621.1,ENSG00000111912,ENST00000392477; ENST00000444128; ENST00000438495; ENST00000368357
A_24_P401601,NFE2L2; KRT18P40,NFE2L2,,ENSG00000269012; ENSG00000262059,ENST00000599859; ENST00000573488
A_23_P69537,NMU,NMU,NM_006681.2,ENSG00000109255,ENST00000505262; ENST00000264218; ENST00000511469
A_32_P144710,NR2C2AP,NR2C2AP,NM_176880.4,ENSG00000184162,ENST00000537399; ENST00000420605; ENST00000331552; ENST00000590907; ENST00000589148
A_23_P360245,NUDCD2,NUDCD2,NM_145266.4,ENSG00000170584,ENST00000302764
A_23_P127153,NUDT13,NUDT13,NM_015901.4,ENSG00000166321,
A_23_P111604,NXPH1,NXPH1,NM_152745.2,ENSG00000122584,ENST00000405863
A_24_P91916,NXT2,NXT2,NM_018698.4; NM_001242617.1; NM_001242618.1,ENSG00000101888,ENST00000372106; ENST00000218004
A_23_P106463,OAZ2,OAZ2,NM_002537.2,ENSG00000180304,ENST00000560258; ENST00000558194; ENST00000326005
A_32_P29083,PARP8; LINC00623,PARP8; LOC101060698; LOC728875; LINC00623,NM_001178055.1; NM_001178056.1; NM_024615.3; XM_001134398.4; XM_003960132.1,ENSG00000151883; ENSG00000223804; ENSG00000235398; ENSG00000231360; ENSG00000236943; ENSG00000215863; ENSG00000269501; ENSG00000232151; ENSG00000229801,
A_24_P367326,PCDHA1,PCDHA1,,ENSG00000259388,ENST00000558657
A_24_P392230,PCDHA1,PCDHA1,,ENSG00000213302,ENST00000441577
A_24_P400172,PCDHA1,LOC100130691,NM_001145412.2; NM_001145413.2; NM_006164.4,ENSG00000213963,ENST00000430416; ENST00000456746; ENST00000397057; ENST00000588123
A_24_P360206,PCDHA1; PCDHA2; PCDHA3; PCDHA4; PCDHA5; PCDHA6; PCDHA7; PCDHA8; PCDHA9; PCDHA10; PCDHA11; PCDHA12; PCDHA13; PCDHAC1; PCDHAC2,PCDHA1; PCDHA2; PCDHA3; PCDHA4; PCDHA5; PCDHA6; PCDHA7; PCDHA8; PCDHA9; PCDHA10; PCDHA11; PCDHA12; PCDHA13; PCDHAC1; PCDHAC2,NM_018899.5; NM_031883.2; NM_018900.2; NM_031411.1; NM_031410.1; NM_018905.2; NM_031495.1; NM_018909.2; NM_031848.1; NM_031849.1; NM_018910.2; NM_031852.1; NM_018911.2; NM_031856.1; NM_031860.1; NM_018901.2; NM_031859.1; NM_018903.2; NM_031864.1; NM_018902.3; NM_031865.1; NM_018904.2; NM_031865.1; NM_018898.3; NM_031882.2,ENSG00000243232,ENST00000289269; ENST00000253807; ENST00000289272; ENST00000409494; ENST00000398631; ENST00000398640; ENST00000307360; ENST00000506939; ENST00000532602; ENST00000531613; ENST00000525929; ENST00000529310; ENST00000529859; ENST00000529619; ENST00000530339; ENST00000512229; ENST00000522353; ENST00000526136; ENST00000394633; ENST00000504120
A_24_P251962,PCDHB3,PCDHB3,NM_018937.2,ENSG00000113205,ENST00000231130; ENST00000194155
A_24_P339611,PDCD5,PDCD5,NM_004708.3,ENSG00000105185,ENST00000586316; ENST00000586035; ENST00000221784; ENST00000590247
A_23_P251095,PDHA1,PDHA1,NM_001173454.1; NM_000284.3; NM_001173455.1; NM_001173456.1,ENSG00000131828,ENST00000540249; ENST00000545074; ENST00000379806; ENST00000478795; ENST00000379804; ENST00000422285
A_24_P186216,PDS5A,PDS5A,NM_001100399.1; NM_001100400.1,ENSG00000121892,ENST00000503396
A_23_P396765,PGM2L1,PGM2L1,NM_173582.3,ENSG00000165434,ENST00000298198
A_32_P122703,PGM2L1,PGM2L1,NM_173582.3,ENSG00000165434,ENST00000298198
A_32_P122705,PGM2L1,PGM2L1,NM_173582.3,ENSG00000165434,ENST00000298198
A_32_P127200,PGM2L1,LOC728875,,ENSG00000236943; ENSG00000268554; ENSG00000263446; ENSG00000223779,ENST00000428309; ENST00000421955; ENST00000439906; ENST00000600072; ENST00000579538; ENST00000442049
A_32_P135336,PGM2L1,LOC728875,,ENSG00000258150; ENSG00000258130,ENST00000549950; ENST00000550538
A_32_P52018,PHACTR1,PHACTR1,NM_001242648.1; NM_030948.2,ENSG00000112137,ENST00000457702; ENST00000332995; ENST00000481706; ENST00000379329; ENST00000379335; ENST00000489548; ENST00000415087
A_24_P942253,PHF8,PHF8,NM_015107.2; NM_001184896.1; NM_001184898.1; NM_001184897.1,ENSG00000268312; ENSG00000172943,ENST00000601647; ENST00000596621; ENST00000595978; ENST00000338946; ENST00000357988; ENST00000338154
A_23_P47614,PHLDA2,PHLDA2,NM_003311.3,ENSG00000181649,ENST00000314222
A_23_P133470,PJA2,PJA2,NM_014819.4,ENSG00000198961,ENST00000361557; ENST00000361189
A_23_P149626,PLEKHG5,PLEKHG5,NM_198681.3; NM_020631.4; NM_001042663.1; NM_001265592.1; NM_001265593.1; NM_001042664.1; NM_001265594.1; NM_001042665.1,ENSG00000171680,ENST00000377737; ENST00000400913; ENST00000340850; ENST00000535355; ENST00000377740; ENST00000400915; ENST00000377732; ENST00000377728; ENST00000377725; ENST00000487949; ENST00000377748; ENST00000489097
A_23_P386411,PPID,PPID,NM_005038.2,ENSG00000171497,ENST00000307720
Hs56.1,PRPS1,PRPS1,NM_001204402.1;  NM_002764.3 ,ENSG00000147224,
A_23_P331670,PYGB,PYGB,NM_002862.3,ENSG00000100994,ENST00000216962
A_23_P27023,RAB11FIP4,RAB11FIP4,NM_032932.3,ENSG00000131242,ENST00000325874
A_23_P38427,RAB11FIP4,RAB11FIP4,NM_032932.3,ENSG00000131242,ENST00000325874
A_24_P164549,RAB11FIP4,RAB11FIP4,NM_032932.3,ENSG00000131242,ENST00000325874
A_24_P401909,RAB11FIP4,RAB11FIP4,NM_032932.3,ENSG00000131242,ENST00000581460; ENST00000583755; ENST00000394744; ENST00000325874
A_24_P403150,RAB11FIP4,FLJ34503,,ENSG00000175967,ENST00000314481
A_24_P13230,RAB6A,RAB6A,NM_002869.4; NM_198896.1; NM_001243718.1; NM_001243719.1,ENSG00000175582,ENST00000336083; ENST00000310653
A_24_P475349,RAB6B,RAB6B,NM_016577.3,ENSG00000154917,ENST00000543906; ENST00000285208
A_23_P417148,RAI1,RAI1,NM_030665.3,ENSG00000108557,ENST00000353383
A_23_P96285,REEP1,REEP1,NM_022912.2; NM_001164732.1; NM_001164730.1; NM_001164731.1,ENSG00000068615,ENST00000535845; ENST00000538924; ENST00000541910; ENST00000165698
A_23_P64919,RERGL,RERGL,NM_024730.2,ENSG00000111404,ENST00000538724; ENST00000229002
A_23_P253689,RFX3,RFX3,NM_134428.1; NM_002919.2,ENSG00000080298,NO HITS FOUND
A_23_P308731,RHBDL3,RHBDL3,NM_138328.2,ENSG00000141314,ENST00000536287; ENST00000538145; ENST00000269051ENST00000431505; ENST00000578006
A_23_P148484,RLIM,RLIM,NM_016120.3; NM_183353.2,ENSG00000131263,ENST00000349225; ENST00000332687
A_23_P149153,RLIM; PDE4DIP,RLIM; LOC101060291; LOC101060582,XM_003846758.1; XM_003960245.1; NM_001198832.1; XM_003846758.1; XM_003960241.1; XM_003846758.1; NM_001198834.2; NM_014644.4; XM_003846735.1; XM_003846758.1; XM_003960246.1; XM_003846758.1; XM_003960242.1; XM_003846758.1; XM_003960239.1; XM_003960250.1; XM_001713923.2; XM_003960185.1; XM_003846758.1; NM_001002812.1; XM_003846758.1; XM_003960251.1; NM_001002811.1; XM_003846758.1; XM_003960244.1; XM_003960248.1; XM_003846758.1; XM_003960240.1; XM_003846758.1; XM_003846522.1; XM_003960256.1; NM_001002810.3; NM_001195260.1; NM_022359.5; XM_003960066.1; XM_003960258.1,ENSG00000266350; ENSG00000215861,ENST00000579144; ENST00000313342; ENST00000585156; ENST00000533259; ENST00000528552; ENST00000533163; ENST00000532803; ENST00000464103; ENST00000530472; ENST00000477941; ENST00000369348; ENST00000369347; ENST00000534536; ENST00000530078; ENST00000369349; ENST00000369351; ENST00000369359; ENST00000530740; ENST00000369356; ENST00000369354; ENST00000313382
A_23_P141536,RNF167,RNF167,NM_015528.1,ENSG00000108523,ENST00000576965; ENST00000572382; ENST00000576229; ENST00000575111; ENST00000262482; ENST00000572430; ENST00000571816
A_23_P76234,RPH3A,RPH3A,NM_001143854.1; NM_014954.3,ENSG00000089169,ENST00000420983; ENST00000447659; ENST00000549324; ENST00000549913; ENST00000415485; ENST00000389385
A_23_P416305,RPL27A,SNORA3,NM_000990.4,ENSG00000166441,ENST00000314138
A_23_P125596,RPS6KA6,RPS6KA6,NM_014496.4,ENSG00000072133,ENST00000543399; ENST00000262752
A_24_P162319,SCML1,SCML1,NM_001037536.1; NM_001037540.1; NM_006746.4; NM_001037535.1,ENSG00000047634,ENST00000398080; ENST00000487842; ENST00000419185; ENST00000427362; ENST00000380043; ENST00000380041; ENST00000380045
A_24_P129232,SERINC1,SERINC1,NM_020755.2,ENSG00000111897,ENST00000339697; ENST00000368454
A_23_P49849,SEZ6,SEZ6,NM_001098635.1; NM_178860.4,ENSG00000063015,ENST00000442608; ENST00000535262; ENST00000540419; ENST00000317338; ENST00000540632; ENST00000360295
A_23_P156180,SLC22A4,SLC22A4,NM_003059.2,ENSG00000197208,ENST00000200652
A_23_P137057,SLC25A5,SLC25A5,NM_001152.4,ENSG00000005022,ENST00000317881
A_23_P436179,SLC25A5,SLC25A5,NM_001152.4; NM_001152.4,ENSG00000005022,ENST00000463551
A_23_P100676,SMG6,SMG6,NM_017575.4; NM_001256827.1; NM_001256828.1,ENSG00000070366,ENST00000544865; ENST00000570756; ENST00000354901; ENST00000573166; ENST00000263073; ENST00000574501
A_23_P132936,SPCS3,SPCS3,NM_021928.3,ENSG00000129128,ENST00000507001; ENST00000507678; ENST00000503362
A_23_P392654,SPHKAP,SPHKAP,NM_001142644.1; NM_030623.3,ENSG00000153820,ENST00000344657; ENST00000392056
A_23_P146284,SQLE,SQLE,NM_003129.3,ENSG00000104549,ENST00000265896; ENST00000523430
A_24_P57977,SRCIN1,SRCIN1,NM_025248.2,ENSG00000017373; ENSG00000262199,ENST00000264659; ENST00000570888
A_23_P358410,SRGAP3,SRGAP3,NM_014850.3; NM_001033117.2,ENSG00000196220,ENST00000360413; ENST00000383836
A_24_P664850,ST8SIA2,ST8SIA2,NM_006011.3,ENSG00000140557,ENST00000268164
A_32_P203528,SYCE2,SYCE2,NM_001105578.1,ENSG00000161860,ENST00000592819; ENST00000293695
A_32_P231547,SYCE2,LOC728875,,ENSG00000236943; ENSG00000263446; ENSG00000223779; ENSG00000268554,ENST00000428309; ENST00000421955; ENST00000579538; ENST00000442049; ENST00000439906; ENST00000600072
A_24_P417162,TBL1X,TBL1X,NM_001139468.1; NM_005647.3; NM_001139466.1; NM_001139467.1,ENSG00000101849,ENST00000424279; ENST00000407597; ENST00000217964
A_24_P93728,TCEANC2,TCEANC2,NM_153035.1,ENSG00000116205,ENST00000498272
A_24_P134727,TFAM,TFAM,NM_003201,,ENST00000373899
A_23_P99930,TIPIN,TIPIN,NM_017858.2,ENSG00000075131,ENST00000367709; ENST00000566524; ENST00000261881
A_32_P353072,TMEM106B,TMEM106B,NM_001134232.1; NM_018374.3,ENSG00000106460,ENST00000396667
A_24_P317827,TMEM8B,TMEM8B,NM_016446.3; NM_001042589.2; NM_001042590.2,ENSG00000137103,ENST00000377988; ENST00000377991
A_24_P32920,TMEM8B,TMEM8B,,ENSG00000241418,ENST00000394346
A_23_P141180,TOM1L2,TOM1L2,NM_001033551.2; NM_001082968.1,ENSG00000175662,ENST00000581396
A_24_P50908,TRIM11,TRIM11,NM_145214.2,ENSG00000154370,ENST00000366699
A_24_P511686,TRIM11,TRIM11,,ENSG00000250303,ENST00000529938; ENST00000419895; ENST00000532168
A_24_P205008,TSEN54,TSEN54,NM_207346.2,ENSG00000182173,NO HITS FOUND
A_32_P164510,TVP23C; LINC00623; PARP8,LOC101060698; LOC728875; LINC00623; PARP8,XM_001134398.4; XM_003960132.1; NM_001178055.1; NM_001178056.1; NM_024615.3,ENSG00000223804; ENSG00000235398; ENSG00000231360; ENSG00000236943; ENSG00000215863; ENSG00000269501; ENSG00000232151; ENSG00000269614; ENSG00000151883,
A_23_P427083,TVP23C-CDRT4; CDRT4,TVP23C-CDRT4; CDRT4,NM_001204478.1; NM_001204477.1,ENSG00000259024,ENST00000522212; ENST00000312177
A_32_P184933,UBE2SP2; UBE2S; UBE2SP1,HRK; UBE2S,NM_014501.2,ENSG00000224126; ENSG00000108106; ENSG00000233966,ENST00000428091; ENST00000589978; ENST00000264552; ENST00000450587
A_23_P255016,UGGT1,UGGT1,NM_020120.3,ENSG00000136731,ENST00000375990; ENST00000465836; ENST00000418197; ENST00000259253; ENST00000376723
A_23_P55107,ULK2,ULK2,NM_001142610.1; NM_014683.3,ENSG00000083290,ENST00000395544
A_24_P619733,WDPCP; MDH1,WDPCP; MDH1,NM_015910.5; NM_005917.3; NM_001199111.1; NM_001199112.1,ENSG00000143951; ENSG00000014641,
A_23_P368847,WFDC10A,WFDC10A,NM_080753.2,ENSG00000180305,ENST00000372643
A_23_P382607,WNT4,WNT4,NM_030761.4,ENSG00000162552,ENST00000542383; ENST00000290167
Hs187991.2,WSB1,WSB1,NM_015626; NM_134265; NP_056441; NP_599027,ENSG00000109046,
A_32_P201329,ZBTB20,ZBTB20,,ENSG00000249395,
A_32_P5542,ZBTB20,ZBTB20,NM_001164343.1; NM_001164347.1; NM_001164345.1; NM_001164342.1; NM_015642.4; NM_001164344.1; NM_001164346.1,ENSG00000181722,
A_23_P100654,ZBTB4,ZBTB4,NM_001128833.1; NM_020899.3,ENSG00000174282,ENST00000311403; ENST00000380599
A_23_P168951,ZHX2,ZHX2,NM_014943.3,ENSG00000178764,ENST00000314393
A_24_P282108,ZZEF1,ZZEF1,NM_015113.3,ENSG00000074755,ENST00000381638
A_24_P40481,,,,,
A_24_P792988,,,,,
A_24_P838448,,,,,
A_32_P181564,,,,,
A_32_P393116,,,,,
A_32_P443610,,,,,
A_32_P6008,,,,,
A_32_P723356,,,,,
A_32_P800391,,,,,
A_32_P85753,,,,,
A_32_P86135,,,,,
Hs150167.1,,,,,
Hs387007.1,,,,,
Hs391327.1,,,,,
,,,,,
,,,,,
,,,*=transcriptionally repressed by MYCN in (SHEP-MYCN),,
,,,,,
,,,*=transcriptionally activated by MYCN in (SHEP-MYCN),,
